{"cameraMode":{"drawMode":0,"name":"Shaded","section":"Shading Mode"},"sceneLighting":false,"audioPlay":false,"sceneViewState":{"m_AlwaysRefresh":false,"showFog":true,"showSkybox":false,"showFlares":true,"showImageEffects":true,"showParticleSystems":true,"showVisualEffectGraphs":true,"m_FxEnabled":true},"in2DMode":false,"pivot":{"x":-2.097687244415283,"y":0.1700650304555893,"z":-2.534796714782715},"rotation":{"x":0.4175596535205841,"y":-0.01637604832649231,"z":0.007478652521967888,"w":0.9085208773612976},"size":0.7335219979286194,"orthographic":false}