{"cameraMode":{"drawMode":0,"name":"Shaded","section":"Shading Mode"},"sceneLighting":true,"audioPlay":false,"sceneViewState":{"m_AlwaysRefresh":false,"showFog":true,"showSkybox":true,"showFlares":true,"showImageEffects":true,"showParticleSystems":true,"showVisualEffectGraphs":true,"m_FxEnabled":true},"in2DMode":false,"pivot":{"x":-12.06102466583252,"y":-15.532176971435547,"z":116.52371215820313},"rotation":{"x":-0.1696091592311859,"y":0.09975970536470413,"z":-0.017258066684007646,"w":-0.9803531169891357},"size":50.66849136352539,"orthographic":false}